colonia,poblacion_colonia,poblacion_femenina,poblacion_masculina,Total de viviendas habitadas,Grado promedio de escolaridad,Viviendas particulares habitadas que disponen de Internet,tasa_desempleo,prop_sin_salud,prop_sin_vehiculo,prop_internet,prop_18_24,relacion_hombres_mujeres,prop_jefatura_femenina,prop_viviendas_deshabitadas,prop_nacidos_otra_entidad,densidad_hab_km2,ocupantes_por_cuarto,banda_horaria,Rv_T,Rp_T,n_violence,n_property,SI
MODERNA,4015.0,2037.0,1894.0,1418.0,12.81,1119.0,0.0167224080267558,0.1995018679950186,0.3749109052031361,0.797576621525303,0.1001245330012453,92.97987236131566,0.3962936564504632,0.1785516860143725,0.1576587795765878,2246.031322789211,0.63,tarde,0.013449564134495641,0.08268991282689912,54.0,332.0,52.76567996621235
MODERNA,4015.0,2037.0,1894.0,1418.0,12.81,1119.0,0.0167224080267558,0.1995018679950186,0.3749109052031361,0.797576621525303,0.1001245330012453,92.97987236131566,0.3962936564504632,0.1785516860143725,0.1576587795765878,2246.031322789211,0.63,mediodia,0.015193026151930262,0.08169364881693648,61.0,328.0,54.18736940917564
AMERICANA,3885.0,1935.0,1905.0,1661.0,14.43,1474.0,0.0147004777655273,0.2697554697554697,0.2762836185819071,0.9009779951100244,0.09009009009009,98.44961240310076,0.4242053789731051,0.1701559020044543,0.2141570141570141,2708.415821791398,0.53,madrugada,0.014157014157014158,0.09292149292149292,55.0,361.0,58.265015462896564
PRADOS DEL NILO,1083.0,576.0,507.0,310.0,10.9,232.0,0.0140350877192982,0.2308402585410895,0.3677419354838709,0.7483870967741936,0.1191135734072022,88.02083333333333,0.3838709677419354,0.0784883720930232,0.0997229916897507,5083.092128956217,0.76,mediodia,0.013850415512465374,0.10341643582640812,15.0,112.0,62.79116101151849
AMERICANA,3885.0,1935.0,1905.0,1661.0,14.43,1474.0,0.0147004777655273,0.2697554697554697,0.2762836185819071,0.9009779951100244,0.09009009009009,98.44961240310076,0.4242053789731051,0.1701559020044543,0.2141570141570141,2708.415821791398,0.53,tarde,0.014157014157014158,0.10862290862290862,55.0,422.0,65.53190620532276
ZONA CENTRO,13033.0,6513.0,6383.0,4635.0,12.83,3745.0,0.0182218417512535,0.3000076728305071,0.526860413914575,0.8245266402465874,0.114325174556894,98.00399201596808,0.4310876265962131,0.1850284784377542,0.1749405355635694,4150.46492308755,0.6,mediodia,0.019412261183150464,0.10404358167728076,253.0,1356.0,69.08769461671356
AMERICANA,3885.0,1935.0,1905.0,1661.0,14.43,1474.0,0.0147004777655273,0.2697554697554697,0.2762836185819071,0.9009779951100244,0.09009009009009,98.44961240310076,0.4242053789731051,0.1701559020044543,0.2141570141570141,2708.415821791398,0.53,mediodia,0.014671814671814672,0.12252252252252252,57.0,476.0,72.52082844940477
ZONA CENTRO,13033.0,6513.0,6383.0,4635.0,12.83,3745.0,0.0182218417512535,0.3000076728305071,0.526860413914575,0.8245266402465874,0.114325174556894,98.00399201596808,0.4310876265962131,0.1850284784377542,0.1749405355635694,4150.46492308755,0.6,tarde,0.025857438809176705,0.099823524898335,337.0,1301.0,74.0947746837564
ARCOS VALLARTA,1669.0,859.0,792.0,694.0,14.41,625.0,0.0147874306839186,0.2552426602756141,0.1518248175182481,0.9124087591240876,0.07309766327142,92.20023282887078,0.3678832116788321,0.1694139194139194,0.2240862792091072,1815.9031905342897,0.53,noche,0.009586578789694428,0.15338526063511085,16.0,256.0,81.31306032243482
ARCOS VALLARTA,1669.0,859.0,792.0,694.0,14.41,625.0,0.0147874306839186,0.2552426602756141,0.1518248175182481,0.9124087591240876,0.07309766327142,92.20023282887078,0.3678832116788321,0.1694139194139194,0.2240862792091072,1815.9031905342897,0.53,tarde,0.01378070701018574,0.15698022768124625,23.0,262.0,87.50614517020473
PRADOS DEL NILO,1083.0,576.0,507.0,310.0,10.9,232.0,0.0140350877192982,0.2308402585410895,0.3677419354838709,0.7483870967741936,0.1191135734072022,88.02083333333333,0.3838709677419354,0.0784883720930232,0.0997229916897507,5083.092128956217,0.76,noche,0.003693444136657433,0.18651892890120036,4.0,202.0,90.28386248902163
ARCOS VALLARTA,1669.0,859.0,792.0,694.0,14.41,625.0,0.0147874306839186,0.2552426602756141,0.1518248175182481,0.9124087591240876,0.07309766327142,92.20023282887078,0.3678832116788321,0.1694139194139194,0.2240862792091072,1815.9031905342897,0.53,mediodia,0.02396644697423607,0.15458358298382266,40.0,258.0,97.39659410619552
AMERICANA,3885.0,1935.0,1905.0,1661.0,14.43,1474.0,0.0147004777655273,0.2697554697554697,0.2762836185819071,0.9009779951100244,0.09009009009009,98.44961240310076,0.4242053789731051,0.1701559020044543,0.2141570141570141,2708.415821791398,0.53,noche,0.009781209781209782,0.1933075933075933,38.0,751.0,100.0
PRADOS DEL NILO,1083.0,576.0,507.0,310.0,10.9,232.0,0.0140350877192982,0.2308402585410895,0.3677419354838709,0.7483870967741936,0.1191135734072022,88.02083333333333,0.3838709677419354,0.0784883720930232,0.0997229916897507,5083.092128956217,0.76,tarde,0.013850415512465374,0.21329639889196675,15.0,231.0,100.0
